Test,Statistic,P-value
ARCH-LM lag=10,610.4410704162074,1.0194353939424354e-124
