Test,Statistic,P-value,Conclusion
ADF,-12.608750526883616,1.6732762910394666e-23,平稳
KPSS,0.0552276069272457,0.1,平稳
