模型1,模型2,DM统计量,DM_p值,结论
"GARCH(1,1)-N","GARCH(1,1)-t",-9.09637261822259,0.0,"GARCH(1,1)-N 更优***"
"GARCH(1,1)-N","EGARCH(1,1)-t",5.0169101297214125,6.813784791948052e-07,"EGARCH(1,1)-t 更优***"
"GARCH(1,1)-N","APARCH(1,1)-t",6.141261146227247,1.4388334967918581e-09,"APARCH(1,1)-t 更优***"
"GARCH(1,1)-t","EGARCH(1,1)-t",5.886256756435612,6.380583394971495e-09,"EGARCH(1,1)-t 更优***"
"GARCH(1,1)-t","APARCH(1,1)-t",7.621903011294526,9.08162434143378e-14,"APARCH(1,1)-t 更优***"
"EGARCH(1,1)-t","APARCH(1,1)-t",-3.70360819679439,0.00023093773425730824,"EGARCH(1,1)-t 更优***"
