模型1,模型2,DM统计量,DM_p值,结论
"GARCH(1,1)-N","GARCH(1,1)-t",-2.4197541882216442,0.01580902719382493,"GARCH(1,1)-N 更优**"
"GARCH(1,1)-N","EGARCH(1,1)-t",1.9326548949196127,0.053720304580372025,"EGARCH(1,1)-t 更优*"
"GARCH(1,1)-N","APARCH(1,1)-t",2.3000088338247138,0.021769103625371766,"APARCH(1,1)-t 更优**"
"GARCH(1,1)-t","EGARCH(1,1)-t",3.4601111610211643,0.0005758925650583002,"EGARCH(1,1)-t 更优***"
"GARCH(1,1)-t","APARCH(1,1)-t",5.383821894331805,1.02548410652048e-07,"APARCH(1,1)-t 更优***"
"EGARCH(1,1)-t","APARCH(1,1)-t",-1.229081696967395,0.21949358490330506,"EGARCH(1,1)-t 略优(不显著)"
