模型,RMSE,MAE,SMAPE(%),QLIKE,n
"GARCH(1,1)-N",0.834043964462692,0.6151179474270199,82.95130444396179,0.9381274632162399,640
"GARCH(1,1)-t",0.8403994921292879,0.620730966371795,83.29261726744221,0.9368627836378101,640
"EGARCH(1,1)-t",0.8181165116978392,0.5975114869894028,82.17273573084661,0.962604392394869,640
"APARCH(1,1)-t",0.8222237437104019,0.6047774506905309,82.6124625786129,0.9289063038583911,640
